MANDATORY INFORMATION,,,,ADDITIONAL INFORMATION,
TAGNAME,GRAPHIC OBJECT,DESTINATION GRAPHIC DISPLAY,LAYER,PID NUMBER,LOCATION
@begin
SPE_FR_1100B,INLET BL,H1111_DetailedDisplay,BL,1111_H1111,1
SPE_FR_1020,INLET BL,H1111_DetailedDisplay,BL,1111_H1111,2
DRAIN,OUTLET BL,H1111_DetailedDisplay,BL,1111_H1111,3
A_FOD815111101,HAND VALVE,H1111_DetailedDisplay,FOD,,
A_FOD815111101,HAND VALVE,H1111_DetailedDisplay,FOD,,
A_FOD815111101,HAND VALVE,H1111_DetailedDisplay,FOD,,
IA_FR_3801_1,INLET BL,H1111_DetailedDisplay,BL,1150_H1111,7
AIR_FR_ATM,INLET BL,H1111_DetailedDisplay,BL,1150_H1112,8
BAGGING,OUTLET BL,H1111_DetailedDisplay,BL,1150_H1113,9
TRUCK,OUTLET BL,H1111_DetailedDisplay,BL,1150_H1114,10
A_FOD815111101,HAND VALVE,H1111_DetailedDisplay,FOD,,
SPE_FR_1114,INLET BL,H1112_DetailedDisplay,BL,1112_H1112,12
DRAIN1,OUTLET BL,H1112_DetailedDisplay,BL,1112_H1112,13
A_FOD815111101,HAND VALVE,H1111_DetailedDisplay,FOD,,
A_FOD815111101,HAND VALVE,H1111_DetailedDisplay,FOD,,
BAGGING1,OUTLET BL,H1112_DetailedDisplay,BL,1150_H1112,16
TRUCK1,OUTLET BL,H1113_DetailedDisplay,BL,1150_H1113,17
SPE_FR_1115,INLET BL,H1113_DetailedDisplay,BL,1113_H1113,18
DRAIN2,OUTLET BL,H1113_DetailedDisplay,BL,1113_H1113,19
A_FOD815111101,HAND VALVE,H1111_DetailedDisplay,FOD,,
A_FOD815111101,HAND VALVE,H1111_DetailedDisplay,FOD,,
BAGGING2,OUTLET BL,H1113_DetailedDisplay,BL,1150_H1113,22
TRUCK2,OUTLET BL,H1113_DetailedDisplay,BL,1150_H1113,23
SPE_FR_1111,INLET BL,H1121_DetailedDisplay,BL,1114_H1121,24
DRAIN3,OUTLET BL,H1121_DetailedDisplay,BL,1114_H1121,25
A_FOD815111101,HAND VALVE,H1111_DetailedDisplay,FOD,,
A_FOD815111101,HAND VALVE,H1111_DetailedDisplay,FOD,,
IA,OUTLET BL,H1121_DetailedDisplay,BL,1151_H1121,28
BAGGING3,OUTLET BL,H1121_DetailedDisplay,BL,1151_H1121,29
TRUCK3,OUTLET BL,H1121_DetailedDisplay,BL,1151_H1121,30
SPE_FR_1112,INLET BL,H1122_DetailedDisplay,BL,1115_H1122,31
DRAIN4,OUTLET BL,H1122_DetailedDisplay,BL,1115_H1122,32
A_FOD815111101,HAND VALVE,H1111_DetailedDisplay,FOD,,
A_FOD815111101,HAND VALVE,H1111_DetailedDisplay,FOD,,
SPE_FR_1112,INLET BL,H1122_DetailedDisplay,BL,1151_H1122,35
DRAIN4,OUTLET BL,H1122_DetailedDisplay,BL,1151_H1122,36
A_FOD815111101,HAND VALVE,H1111_DetailedDisplay,FOD,,
A_FOD815111101,HAND VALVE,H1111_DetailedDisplay,FOD,,
BAGGING5,OUTLET BL,H1123_DetailedDisplay,BL,1151_H1123,39
TRUCK5,OUTLET BL,H1123_DetailedDisplay,BL,1151_H1123,40
SPE_FR_1113,INLET BL,H1123_DetailedDisplay,BL,1116_H1123,41
DRAIN5,OUTLET BL,H1123_DetailedDisplay,BL,1116_H1123,42
A_FOD815111101,HAND VALVE,H1111_DetailedDisplay,FOD,,
A_FOD815111101,HAND VALVE,H1111_DetailedDisplay,FOD,,
SPE_FR_2114,INLET BL,H2131_DetailedDisplay,BL,2111_H2131,45
DRAIN6,OUTLET BL,H2131_DetailedDisplay,BL,2111_H2131,46
A_FOD815111101,HAND VALVE,H1111_DetailedDisplay,FOD,,
A_FOD815111101,HAND VALVE,H1111_DetailedDisplay,FOD,,
IA_FR_3801_3,INLET BL,H2131_DetailedDisplay,BL,2150_H2131,49
AIR_FR_ATM1,INLET BL,H2131_DetailedDisplay,BL,2150_H2131,50
BAGGING6,OUTLET BL,H2131_DetailedDisplay,BL,2150_H2131,51
TRUCK6,OUTLET BL,H2131_DetailedDisplay,BL,2150_H2131,52
A_FOD815111101,HAND VALVE,H1111_DetailedDisplay,FOD,,
SPE_FR_1116,INLET BL,H2132_DetailedDisplay,BL,2112_H2132,54
DRAIN7,OUTLET BL,H2132_DetailedDisplay,BL,2112_H2132,55
A_FOD815111101,HAND VALVE,H1111_DetailedDisplay,FOD,,
A_FOD815111101,HAND VALVE,H1111_DetailedDisplay,FOD,,
BAGGING7,OUTLET BL,H2132_DetailedDisplay,BL,2150_H2132,58
TRUCK7,OUTLET BL,H2132_DetailedDisplay,BL,2150_H2132,59
SPE_FR_2116,INLET BL,H2133_DetailedDisplay,BL,2113_H2133,60
DRAIN8,OUTLET BL,H2133_DetailedDisplay,BL,2113_H2133,61
A_FOD815111101,HAND VALVE,H1111_DetailedDisplay,FOD,,
A_FOD815111101,HAND VALVE,H1111_DetailedDisplay,FOD,,
BAGGING8,OUTLET BL,H2133_DetailedDisplay,BL,2150_H2133,64
TRUCK8,OUTLET BL,H2133_DetailedDisplay,BL,2150_H2133,65
SPE_FR_2100B,INLET BL,H2141_DetailedDisplay,BL,2114_H2141,66
DRAIN9,OUTLET BL,H2141_DetailedDisplay,BL,2114_H2141,67
A_FOD815111101,HAND VALVE,H1111_DetailedDisplay,FOD,,
A_FOD815111101,HAND VALVE,H1111_DetailedDisplay,FOD,,
IA1,OUTLET BL,H2141_DetailedDisplay,BL,2151_H2141,70
BAGGING9,OUTLET BL,H2141_DetailedDisplay,BL,2151_H2141,71
TRUCK9,OUTLET BL,H2141_DetailedDisplay,BL,2151_H2141,72
SPE_FR_2111,INLET BL,H2142_DetailedDisplay,BL,2115_H2142,73
DRAIN10,OUTLET BL,H2142_DetailedDisplay,BL,2115_H2142,74
A_FOD815111101,HAND VALVE,H1111_DetailedDisplay,FOD,,
A_FOD815111101,HAND VALVE,H1111_DetailedDisplay,FOD,,
BAGGING10,OUTLET BL,H2142_DetailedDisplay,BL,2151_H2142,77
TRUCK10,OUTLET BL,H2142_DetailedDisplay,BL,2151_H2142,78
SPE_FR_2112,INLET BL,H2143_DetailedDisplay,BL,2116_H2143,79
DRAIN11,OUTLET BL,H2143_DetailedDisplay,BL,2116_H2143,80
A_FOD815111101,HAND VALVE,H1111_DetailedDisplay,FOD,,
A_FOD815111101,HAND VALVE,H1111_DetailedDisplay,FOD,,
BAGGING11,OUTLET BL,H2143_DetailedDisplay,BL,2151_H2143,83
TRUCK11,OUTLET BL,H2143_DetailedDisplay,BL,2151_H2143,84
HPLDPEBR,INLET BL,H3110_DetailedDisplay,BL,3110_H3111,85
Air1,INLET BL,H3110_DetailedDisplay,BL,3110_H3111,86
HDLDPECB,INLET BL,H3110_DetailedDisplay,BL,3110_H3111,87
PurgeAir1,INLET BL,H3110_DetailedDisplay,BL,3110_H3111,88
DemineralisedWater1,INLET BL,H3110_DetailedDisplay,BL,3110_H3111,89
DRAIN12,OUTLET BL,H3110_DetailedDisplay,BL,3110_H3111,90
A_FOD815111101,HAND VALVE,H1111_DetailedDisplay,FOD,,
A_FOD815111101,HAND VALVE,H1111_DetailedDisplay,FOD,,
A_FOD815111101,HAND VALVE,H1111_DetailedDisplay,FOD,,
A_FOD815111101,HAND VALVE,H1111_DetailedDisplay,FOD,,
A_FOD815111101,HAND VALVE,H1111_DetailedDisplay,FOD,,
A_FOD815111101,HAND VALVE,H1111_DetailedDisplay,FOD,,
InstrumentAir,INLET BL,H3110_DetailedDisplay,BL,3310_H3111,97
AIR_FR_ATM3,INLET BL,H3110_DetailedDisplay,BL,3310_H3111,98
Bagging,OUTLET BL,H3110_DetailedDisplay,BL,3310_H3111,99
Truck,OUTLET BL,H3110_DetailedDisplay,BL,3310_H3111,100
A_FOD815111101,HAND VALVE,H1111_DetailedDisplay,FOD,,
Air2,INLET BL,H3112_DetailedDisplay,BL,3120_H3112,102
HDLDPECB1,INLET BL,H3112_DetailedDisplay,BL,3120_H3112,103
PurgeAir3,INLET BL,H3112_DetailedDisplay,BL,3120_H3112,104
DemineralisedWater2,INLET BL,H3112_DetailedDisplay,BL,3120_H3112,105
DRAIN13,OUTLET BL,H3112_DetailedDisplay,BL,3120_H3112,106
A_FOD815111101,HAND VALVE,H1111_DetailedDisplay,FOD,,
A_FOD815111101,HAND VALVE,H1111_DetailedDisplay,FOD,,
A_FOD815111101,HAND VALVE,H1111_DetailedDisplay,FOD,,
A_FOD815111101,HAND VALVE,H1111_DetailedDisplay,FOD,,
A_FOD815111101,HAND VALVE,H1111_DetailedDisplay,FOD,,
Bagging1,OUTLET BL,H3112_DetailedDisplay,BL,3310_H3112,112
Truck1,OUTLET BL,H3112_DetailedDisplay,BL,3310_H3112,113
Air3,INLET BL,H3113_DetailedDisplay,BL,3130_H3113,114
HDLDPECB2,INLET BL,H3113_DetailedDisplay,BL,3130_H3113,115
PurgeAir5,INLET BL,H3113_DetailedDisplay,BL,3130_H3113,116
DemineralisedWater3,INLET BL,H3113_DetailedDisplay,BL,3130_H3113,117
DRAIN14,OUTLET BL,H3113_DetailedDisplay,BL,3130_H3113,118
A_FOD815111101,HAND VALVE,H1111_DetailedDisplay,FOD,,
A_FOD815111101,HAND VALVE,H1111_DetailedDisplay,FOD,,
A_FOD815111101,HAND VALVE,H1111_DetailedDisplay,FOD,,
A_FOD815111101,HAND VALVE,H1111_DetailedDisplay,FOD,,
A_FOD815111101,HAND VALVE,H1111_DetailedDisplay,FOD,,
Bagging2,OUTLET BL,H3113_DetailedDisplay,BL,3310_H3113,124
Truck2,OUTLET BL,H3113_DetailedDisplay,BL,3310_H3113,125
Air4,INLET BL,H3121_DetailedDisplay,BL,3140_H3121,126
PurgeAir7,INLET BL,H3121_DetailedDisplay,BL,3140_H3121,127
HDLDPECB3,INLET BL,H3121_DetailedDisplay,BL,3140_H3121,128
DemineralisedWater4,INLET BL,H3121_DetailedDisplay,BL,3140_H3121,129
DRAIN15,OUTLET BL,H3121_DetailedDisplay,BL,3140_H3121,130
A_FOD815111101,HAND VALVE,H1111_DetailedDisplay,FOD,,
A_FOD815111101,HAND VALVE,H1111_DetailedDisplay,FOD,,
A_FOD815111101,HAND VALVE,H1111_DetailedDisplay,FOD,,
A_FOD815111101,HAND VALVE,H1111_DetailedDisplay,FOD,,
A_FOD815111101,HAND VALVE,H1111_DetailedDisplay,FOD,,
INSTRUMENTAIR2,OUTLET BL,H3121_DetailedDisplay,BL,3320_H3121,136
Bagging3,OUTLET BL,H3121_DetailedDisplay,BL,3320_H3121,137
Truck3,OUTLET BL,H3121_DetailedDisplay,BL,3320_H3121,138
Air5,INLET BL,H3122_DetailedDisplay,BL,3150_H3122,139
HDLDPECB4,INLET BL,H3122_DetailedDisplay,BL,3150_H3122,140
PurgeAir9,INLET BL,H3122_DetailedDisplay,BL,3150_H3122,141
DemineralisedWater5,INLET BL,H3122_DetailedDisplay,BL,3150_H3122,142
DRAIN16,OUTLET BL,H3122_DetailedDisplay,BL,3150_H3122,143
A_FOD815111101,HAND VALVE,H1111_DetailedDisplay,FOD,,
A_FOD815111101,HAND VALVE,H1111_DetailedDisplay,FOD,,
A_FOD815111101,HAND VALVE,H1111_DetailedDisplay,FOD,,
A_FOD815111101,HAND VALVE,H1111_DetailedDisplay,FOD,,
A_FOD815111101,HAND VALVE,H1111_DetailedDisplay,FOD,,
Bagging4,OUTLET BL,H3122_DetailedDisplay,BL,3320_H3122,149
Truck4,OUTLET BL,H3122_DetailedDisplay,BL,3320_H3122,150
Air6,INLET BL,H3122_DetailedDisplay,BL,3160_H3123,151
HDLDPECB5,INLET BL,H3122_DetailedDisplay,BL,3160_H3123,152
PurgeAir11,INLET BL,H3122_DetailedDisplay,BL,3160_H3123,153
DemineralisedWater6,INLET BL,H3122_DetailedDisplay,BL,3160_H3123,154
DRAIN17,OUTLET BL,H3122_DetailedDisplay,BL,3160_H3123,155
A_FOD815111101,HAND VALVE,H1111_DetailedDisplay,FOD,,
A_FOD815111101,HAND VALVE,H1111_DetailedDisplay,FOD,,
A_FOD815111101,HAND VALVE,H1111_DetailedDisplay,FOD,,
A_FOD815111101,HAND VALVE,H1111_DetailedDisplay,FOD,,
A_FOD815111101,HAND VALVE,H1111_DetailedDisplay,FOD,,
Bagging5,OUTLET BL,H3122_DetailedDisplay,BL,3320_H3123,161
Truck5,OUTLET BL,H3122_DetailedDisplay,BL,3320_H3123,162
IA_FR_3801_2,INLET BL,OverView Display,BL,1117,163
Ambient,INLET BL,OverView Display,BL,1117,164
ATMOSPHERER,OUTLET BL,OverView Display,BL,1117,165
WASTEFORDISPOSAL,OUTLET BL,OverView Display,BL,1117,166
IA_FR_3801_4,INLET BL,Train2_VentFilters_GE,BL,2117,167
Ambient1,INLET BL,Train2_VentFilters_GE,BL,2117,168
ATMOSPHERER1,OUTLET BL,Train2_VentFilters_GE,BL,2117,169
WASTEFORDISPOSAL1,OUTLET BL,Train2_VentFilters_GE,BL,2117,170
IA_FR_3801_5,INLET BL,Train3_VentFilters_GE,BL,3170,171
Ambient2,INLET BL,Train3_VentFilters_GE,BL,3170,172
ATMOSPHERER2,OUTLET BL,Train3_VentFilters_GE,BL,3170,173
WASTEFORDISPOSAL2,OUTLET BL,Train3_VentFilters_GE,BL,3170,174
IA_FR_3801,INLET BL,Train1&2_PurgeAir_GE,BL,1101A,175
IA_FR_ATM1,INLET BL,Train1&2_PurgeAir_GE,BL,1101A,176
A_FOD815111101,HAND VALVE,H1111_DetailedDisplay,FOD,,
A_FOD815111101,HAND VALVE,H1111_DetailedDisplay,FOD,,
A_FOD815111101,HAND VALVE,H1111_DetailedDisplay,FOD,,
BatteryLimit1,OUTLET BL,Train1&2_PurgeAir_GE,BL,1101B,180
UW_FR_DISTRIBUTION,INLET BL,815_WasteWaterSumps,BL,1801_SUM1801,181
ISBLTRENCH,INLET BL,815_WasteWaterSumps,BL,1801_SUM1801,182
DRAIN_TO_ATM,OUTLET BL,815_WasteWaterSumps,BL,1801_SUM1801,183
UW_TO_PUMP,OUTLET BL,815_WasteWaterSumps,BL,1801_SUM1801,184
WW_TO_9912,OUTLET BL,815_WasteWaterSumps,BL,1801_SUM1801,185
DRAIN18,OUTLET BL,815_WasteWaterSumps,BL,1801_SUM1801,186
A_FOD815111101,HAND VALVE,H1111_DetailedDisplay,FOD,,
A_FOD815111101,HAND VALVE,H1111_DetailedDisplay,FOD,,
A_FOD815111101,HAND VALVE,H1111_DetailedDisplay,FOD,,
UW_FR_3802,INLET BL,815_SanitarySumps_GE,BL,2700_SUM271001,190
SUM_TO_ATMOS,OUTLET BL,815_SanitarySumps_GE,BL,2700_SUM271001,191
SUM_TO_DRAIN,OUTLET BL,815_SanitarySumps_GE,BL,2700_SUM271001,192
SWW_TO_SUM2701,OUTLET BL,815_SanitarySumps_GE,BL,2700_SUM271001,193
A_FOD815111101,HAND VALVE,H1111_DetailedDisplay,FOD,,
A_FOD815111101,HAND VALVE,H1111_DetailedDisplay,FOD,,
UW_FR_9535,INLET BL,815_SanitarySumps_GE,BL,2702_SUM274001,196
SUM_TO_ATMOS1,OUTLET BL,815_SanitarySumps_GE,BL,2702_SUM274001,197
SUM_TO_DRAIN1,OUTLET BL,815_SanitarySumps_GE,BL,2702_SUM274001,198
SWW_TO_SUM2701_1,OUTLET BL,815_SanitarySumps_GE,BL,2702_SUM274001,199
A_FOD815111101,HAND VALVE,H1111_DetailedDisplay,FOD,,
A_FOD815111101,HAND VALVE,H1111_DetailedDisplay,FOD,,
UW_FR_2935,INLET BL,815_SanitarySumps_GE,BL,2703_SUM275001,202
SUM_TO_ATMOS2,OUTLET BL,815_SanitarySumps_GE,BL,2703_SUM275001,203
SUM_TO_DRAIN2,OUTLET BL,815_SanitarySumps_GE,BL,2703_SUM275001,204
A_FOD815111101,HAND VALVE,H1111_DetailedDisplay,FOD,,
A_FOD815111101,HAND VALVE,H1111_DetailedDisplay,FOD,,
PW_FR_2900,INLET BL,815_SanitarySumps_GE,BL,2704_SUM276101,207
WW_FR_BLDGT,INLET BL,815_SanitarySumps_GE,BL,2704_SUM276101,208
SUM_TO_ATMOS3,OUTLET BL,815_SanitarySumps_GE,BL,2704_SUM276101,209
SUM_TO_DRAIN3,OUTLET BL,815_SanitarySumps_GE,BL,2704_SUM276101,210
A_FOD815111101,HAND VALVE,H1111_DetailedDisplay,FOD,,
A_FOD815111101,HAND VALVE,H1111_DetailedDisplay,FOD,,
UW_FR_2935_1,INLET BL,815_WasteWaterSumps,BL,9901_SUM9901,213
UW_FR_DISTRIBUTION1,INLET BL,815_WasteWaterSumps,BL,9901_SUM9901,214
SUM_TO_ATMOS4,OUTLET BL,815_WasteWaterSumps,BL,9901_SUM9901,215
SUM_TO_DRAIN4,OUTLET BL,815_WasteWaterSumps,BL,9901_SUM9901,216
TRENCH,OUTLET BL,815_WasteWaterSumps,BL,9901_SUM9901,217
UW_TO_PUMP1,OUTLET BL,815_WasteWaterSumps,BL,9901_SUM9901,218
A_FOD815111101,HAND VALVE,H1111_DetailedDisplay,FOD,,
A_FOD815111101,HAND VALVE,H1111_DetailedDisplay,FOD,,
DemineralisedWater,INLET BL,Overview Display,BL,3113,221
A_FOD815111101,REGULATOR,H1111_DetailedDisplay,FOD,,
A_FOD815111101,REGULATOR,H1111_DetailedDisplay,FOD,,
A_FOD815111101,REGULATOR,H1111_DetailedDisplay,FOD,,
A_FOD815111101,REGULATOR,H1111_DetailedDisplay,FOD,,
A_FOD815111101,REGULATOR,H1111_DetailedDisplay,FOD,,
A_FOD815111101,REGULATOR,H1111_DetailedDisplay,FOD,,
A_FOD815111101,REGULATOR,H1111_DetailedDisplay,FOD,,
A_FOD815111101,REGULATOR,H1111_DetailedDisplay,FOD,,
A_FOD815111101,REGULATOR,H1111_DetailedDisplay,FOD,,
A_FOD815111101,REGULATOR,H1111_DetailedDisplay,FOD,,
P9901A,PUMP,815_WasteWaterSumps,FAILURE,9901_SUM9901,232
P9901B,PUMP,815_WasteWaterSumps,FAILURE,9901_SUM9901,233
P3105,PUMP,Overview Display,FAILURE,3114_V3105,234
P3103,PUMP,Overview Display,FAILURE,3113,235
P2761A,PUMP,815_SanitarySumps_GE,FAILURE,2704_SUM276101,236
P2761B,PUMP,815_SanitarySumps_GE,FAILURE,2704_SUM276101,237
P2750A,PUMP,815_SanitarySumps_GE,FAILURE,2703_SUM275001,238
P2750B,PUMP,815_SanitarySumps_GE,FAILURE,2703_SUM275001,239
P2740B,PUMP,815_SanitarySumps_GE,FAILURE,2702_SUM274001,240
P2740A,PUMP,815_SanitarySumps_GE,FAILURE,2702_SUM274001,241
P2710A,PUMP,815_SanitarySumps_GE,FAILURE,2700_SUM271001,242
P2710B,PUMP,815_SanitarySumps_GE,FAILURE,2700_SUM271001,243
P1801,PUMP,815_WasteWaterSumps,FAILURE,1801_SUM1801,244
FL1102,FILTER,OverView Display,FOD+FAILURE,1117,245
FL1103,FILTER,OverView Display,FOD+FAILURE,1117,246
FL1106,FILTER,Train1&2_PurgeAir_GE,FOD+FAILURE,1101A,247
FL2101,FILTER,Train2_VentFilters_GE,FOD+FAILURE,2117,248
FL2102,FILTER,H2131_DetailedDisplay,FOD+FAILURE,2150_H2131,249
FL2103,FILTER,Train2_VentFilters_GE,FOD+FAILURE,2117,250
FL2104,FILTER,Train2_VentFilters_GE,FOD+FAILURE,2117,251
FL3101,FILTER,H3110_DetailedDisplay,FOD+FAILURE,3310_H3111,252
FL3102,FILTER,Train3_VentFilters_GE,FOD+FAILURE,3170,253
FL3103,FILTER,Overview Display,FOD+FAILURE,3113,254
FL3105,FILTER,Overview Display,FOD+FAILURE,3114_V3105,255
FL3106,FILTER,Train3_VentFilters_GE,FOD+FAILURE,3170,256
A_FOD815111101,PUSH BUTTON,H1111_DetailedDisplay,FOD,,
A_FOD815111101,PUSH BUTTON,H1111_DetailedDisplay,FOD,,
A_FOD815111101,PUSH BUTTON,H1111_DetailedDisplay,FOD,,
A_FOD815111101,PUSH BUTTON,H1111_DetailedDisplay,FOD,,
A_FOD815111101,PUSH BUTTON,H1111_DetailedDisplay,FOD,,
A_FOD815111101,PUSH BUTTON,H1111_DetailedDisplay,FOD,,
A_FOD815111101,PUSH BUTTON,H1111_DetailedDisplay,FOD,,
A_FOD815111101,PUSH BUTTON,H1111_DetailedDisplay,FOD,,
A_FOD815111101,PUSH BUTTON,H1111_DetailedDisplay,FOD,,
A_FOD815111101,PUSH BUTTON,H1111_DetailedDisplay,FOD,,
A_FOD815111101,PUSH BUTTON,H1111_DetailedDisplay,FOD,,
A_FOD815111101,PUSH BUTTON,H1111_DetailedDisplay,FOD,,
A_FOD815111101,PUSH BUTTON,H1111_DetailedDisplay,FOD,,
A_FOD815111101,PUSH BUTTON,H1111_DetailedDisplay,FOD,,
A_FOD815111101,PUSH BUTTON,H1111_DetailedDisplay,FOD,,
A_FOD815111101,PUSH BUTTON,H1111_DetailedDisplay,FOD,,
A_FOD815111101,PUSH BUTTON,H1111_DetailedDisplay,FOD,,
A_FOD815111101,PUSH BUTTON,H1111_DetailedDisplay,FOD,,
A_FOD815111101,PUSH BUTTON,H1111_DetailedDisplay,FOD,,
A_FOD815111101,PUSH BUTTON,H1111_DetailedDisplay,FOD,,
A_FOD815111101,PUSH BUTTON,H1111_DetailedDisplay,FOD,,
A_FOD815111101,PUSH BUTTON,H1111_DetailedDisplay,FOD,,
A_FOD815111101,PUSH BUTTON,H1111_DetailedDisplay,FOD,,
A_FOD815111101,PUSH BUTTON,H1111_DetailedDisplay,FOD,,
A_FOD815111101,PUSH BUTTON,H1111_DetailedDisplay,FOD,,
A_FOD815111101,PUSH BUTTON,H1111_DetailedDisplay,FOD,,
A_FOD815111101,PUSH BUTTON,H1111_DetailedDisplay,FOD,,
A_FOD815111101,PUSH BUTTON,H1111_DetailedDisplay,FOD,,
A_FOD815111101,PUSH BUTTON,H1111_DetailedDisplay,FOD,,
A_FOD815111101,PUSH BUTTON,H1111_DetailedDisplay,FOD,,
A_FOD815111101,PUSH BUTTON,H1111_DetailedDisplay,FOD,,
A_FOD815111101,PUSH BUTTON,H1111_DetailedDisplay,FOD,,
A_FOD815111101,PUSH BUTTON,H1111_DetailedDisplay,FOD,,
A_FOD815111101,PUSH BUTTON,H1111_DetailedDisplay,FOD,,
A_FOD815111101,PUSH BUTTON,H1111_DetailedDisplay,FOD,,
A_FOD815111101,PUSH BUTTON,H1111_DetailedDisplay,FOD,,
A_FOD815111101,PUSH BUTTON,H1111_DetailedDisplay,FOD,,
A_FOD815111101,PUSH BUTTON,H1111_DetailedDisplay,FOD,,
A_FOD815111101,PUSH BUTTON,H1111_DetailedDisplay,FOD,,
A_FOD815111101,PUSH BUTTON,H1111_DetailedDisplay,FOD,,
A_FOD815111101,PUSH BUTTON,H1111_DetailedDisplay,FOD,,
A_FOD815111101,PUSH BUTTON,H1111_DetailedDisplay,FOD,,
A_FOD815111101,PUSH BUTTON,H1111_DetailedDisplay,FOD,,
A_FOD815111101,PUSH BUTTON,H1111_DetailedDisplay,FOD,,
A_FOD815111101,PUSH BUTTON,H1111_DetailedDisplay,FOD,,
A_FOD815111101,PUSH BUTTON,H1111_DetailedDisplay,FOD,,
A_FOD815111101,PUSH BUTTON,H1111_DetailedDisplay,FOD,,
A_FOD815111101,PUSH BUTTON,H1111_DetailedDisplay,FOD,,
A_FOD815111101,PUSH BUTTON,H1111_DetailedDisplay,FOD,,
A_FOD815111101,PUSH BUTTON,H1111_DetailedDisplay,FOD,,
A_FOD815111101,PUSH BUTTON,H1111_DetailedDisplay,FOD,,
A_FOD815111101,PUSH BUTTON,H1111_DetailedDisplay,FOD,,
A_FOD815111101,PUSH BUTTON,H1111_DetailedDisplay,FOD,,
A_FOD815111101,PUSH BUTTON,H1111_DetailedDisplay,FOD,,
A_FOD815111101,PUSH BUTTON,H1111_DetailedDisplay,FOD,,
A_FOD815111101,PUSH BUTTON,H1111_DetailedDisplay,FOD,,
A_FOD815111101,PUSH BUTTON,H1111_DetailedDisplay,FOD,,
A_FOD815111101,PUSH BUTTON,H1111_DetailedDisplay,FOD,,
A_FOD815111101,PUSH BUTTON,H1111_DetailedDisplay,FOD,,
A_FOD815111101,PUSH BUTTON,H1111_DetailedDisplay,FOD,,
A_FOD815111101,PUSH BUTTON,H1111_DetailedDisplay,FOD,,
A_FOD815111101,PUSH BUTTON,H1111_DetailedDisplay,FOD,,
A_FOD815111101,PUSH BUTTON,H1111_DetailedDisplay,FOD,,
A_FOD815111101,PUSH BUTTON,H1111_DetailedDisplay,FOD,,
A_FOD815111101,PUSH BUTTON,H1111_DetailedDisplay,FOD,,
A_FOD815111101,PUSH BUTTON,H1111_DetailedDisplay,FOD,,
A_FOD815111101,PUSH BUTTON,H1111_DetailedDisplay,FOD,,
A_FOD815111101,PUSH BUTTON,H1111_DetailedDisplay,FOD,,
A_FOD815111101,PUSH BUTTON,H1111_DetailedDisplay,FOD,,
A_FOD815111101,PUSH BUTTON,H1111_DetailedDisplay,FOD,,
A_FOD815111101,PUSH BUTTON,H1111_DetailedDisplay,FOD,,
A_FOD815111101,PUSH BUTTON,H1111_DetailedDisplay,FOD,,
A_FOD815111101,PUSH BUTTON,H1111_DetailedDisplay,FOD,,
A_FOD815111101,PUSH BUTTON,H1111_DetailedDisplay,FOD,,
A_FOD815111101,PUSH BUTTON,H1111_DetailedDisplay,FOD,,
A_FOD815111101,PUSH BUTTON,H1111_DetailedDisplay,FOD,,
A_FOD815111101,PUSH BUTTON,H1111_DetailedDisplay,FOD,,
A_FOD815111101,PUSH BUTTON,H1111_DetailedDisplay,FOD,,
A_FOD815111101,PUSH BUTTON,H1111_DetailedDisplay,FOD,,
A_FOD815111101,PUSH BUTTON,H1111_DetailedDisplay,FOD,,
A_FOD815111101,PUSH BUTTON,H1111_DetailedDisplay,FOD,,
A_FOD815111101,PUSH BUTTON,H1111_DetailedDisplay,FOD,,
A_FOD815111101,PUSH BUTTON,H1111_DetailedDisplay,FOD,,
A_FOD815111101,PUSH BUTTON,H1111_DetailedDisplay,FOD,,
A_FOD815111101,PUSH BUTTON,H1111_DetailedDisplay,FOD,,
A_FOD815111101,PUSH BUTTON,H1111_DetailedDisplay,FOD,,
A_FOD815111101,PUSH BUTTON,H1111_DetailedDisplay,FOD,,
A_FOD815111101,PUSH BUTTON,H1111_DetailedDisplay,FOD,,
A_FOD815111101,PUSH BUTTON,H1111_DetailedDisplay,FOD,,
A_FOD815111101,PUSH BUTTON,H1111_DetailedDisplay,FOD,,
A_FOD815111101,PUSH BUTTON,H1111_DetailedDisplay,FOD,,
@end
